-- MySQL dump 10.13  Distrib 8.0.36, for Linux (x86_64)
--
-- Host: localhost    Database: faculdade
-- ------------------------------------------------------
-- Server version	8.0.37-0ubuntu0.23.10.2

/*!40101 SET @OLD_CHARACTER_SET_CLIENT=@@CHARACTER_SET_CLIENT */;
/*!40101 SET @OLD_CHARACTER_SET_RESULTS=@@CHARACTER_SET_RESULTS */;
/*!40101 SET @OLD_COLLATION_CONNECTION=@@COLLATION_CONNECTION */;
/*!50503 SET NAMES utf8 */;
/*!40103 SET @OLD_TIME_ZONE=@@TIME_ZONE */;
/*!40103 SET TIME_ZONE='+00:00' */;
/*!40014 SET @OLD_UNIQUE_CHECKS=@@UNIQUE_CHECKS, UNIQUE_CHECKS=0 */;
/*!40014 SET @OLD_FOREIGN_KEY_CHECKS=@@FOREIGN_KEY_CHECKS, FOREIGN_KEY_CHECKS=0 */;
/*!40101 SET @OLD_SQL_MODE=@@SQL_MODE, SQL_MODE='NO_AUTO_VALUE_ON_ZERO' */;
/*!40111 SET @OLD_SQL_NOTES=@@SQL_NOTES, SQL_NOTES=0 */;

--
-- Table structure for table `aluno`
--

DROP TABLE IF EXISTS `aluno`;
/*!40101 SET @saved_cs_client     = @@character_set_client */;
/*!50503 SET character_set_client = utf8mb4 */;
CREATE TABLE `aluno` (
  `nome` varchar(255) NOT NULL,
  `endereco` varchar(255) DEFAULT NULL,
  `data_nascimento` date NOT NULL,
  `matricula` varchar(10) NOT NULL,
  PRIMARY KEY (`matricula`)
) ENGINE=InnoDB DEFAULT CHARSET=utf8mb4 COLLATE=utf8mb4_0900_ai_ci;
/*!40101 SET character_set_client = @saved_cs_client */;

--
-- Dumping data for table `aluno`
--

LOCK TABLES `aluno` WRITE;
/*!40000 ALTER TABLE `aluno` DISABLE KEYS */;
INSERT INTO `aluno` VALUES ('João Silva','Rua A, 123','2000-05-15','202310001'),('Maria Oliveira','Rua B, 456','1999-09-10','202310002'),('Pedro Santos','Av. Central, 789','2001-03-22','202310003');
/*!40000 ALTER TABLE `aluno` ENABLE KEYS */;
UNLOCK TABLES;

--
-- Table structure for table `aluno_disciplina`
--

DROP TABLE IF EXISTS `aluno_disciplina`;
/*!40101 SET @saved_cs_client     = @@character_set_client */;
/*!50503 SET character_set_client = utf8mb4 */;
CREATE TABLE `aluno_disciplina` (
  `matricula` varchar(10) NOT NULL,
  `id_disciplina` int NOT NULL,
  PRIMARY KEY (`matricula`,`id_disciplina`),
  KEY `id_disciplina` (`id_disciplina`),
  CONSTRAINT `aluno_disciplina_ibfk_1` FOREIGN KEY (`matricula`) REFERENCES `aluno` (`matricula`),
  CONSTRAINT `aluno_disciplina_ibfk_2` FOREIGN KEY (`id_disciplina`) REFERENCES `disciplina` (`id`)
) ENGINE=InnoDB DEFAULT CHARSET=utf8mb4 COLLATE=utf8mb4_0900_ai_ci;
/*!40101 SET character_set_client = @saved_cs_client */;

--
-- Dumping data for table `aluno_disciplina`
--

LOCK TABLES `aluno_disciplina` WRITE;
/*!40000 ALTER TABLE `aluno_disciplina` DISABLE KEYS */;
INSERT INTO `aluno_disciplina` VALUES ('202310001',1),('202310001',2),('202310002',2),('202310003',3);
/*!40000 ALTER TABLE `aluno_disciplina` ENABLE KEYS */;
UNLOCK TABLES;

--
-- Table structure for table `avaliacao`
--

DROP TABLE IF EXISTS `avaliacao`;
/*!40101 SET @saved_cs_client     = @@character_set_client */;
/*!50503 SET character_set_client = utf8mb4 */;
CREATE TABLE `avaliacao` (
  `professor_cpf` varchar(11) NOT NULL,
  `data_hora` datetime NOT NULL,
  `nota` int DEFAULT NULL,
  `id` int NOT NULL AUTO_INCREMENT,
  PRIMARY KEY (`id`),
  KEY `professor_cpf` (`professor_cpf`),
  CONSTRAINT `avaliacao_ibfk_1` FOREIGN KEY (`professor_cpf`) REFERENCES `professor` (`cpf`)
) ENGINE=InnoDB AUTO_INCREMENT=4 DEFAULT CHARSET=utf8mb4 COLLATE=utf8mb4_0900_ai_ci;
/*!40101 SET character_set_client = @saved_cs_client */;

--
-- Dumping data for table `avaliacao`
--

LOCK TABLES `avaliacao` WRITE;
/*!40000 ALTER TABLE `avaliacao` DISABLE KEYS */;
INSERT INTO `avaliacao` VALUES ('12345678901','2024-10-01 10:00:00',9,1),('23456789012','2024-10-02 11:30:00',8,2),('34567890123','2024-10-03 14:45:00',NULL,3);
/*!40000 ALTER TABLE `avaliacao` ENABLE KEYS */;
UNLOCK TABLES;

--
-- Table structure for table `departamento`
--

DROP TABLE IF EXISTS `departamento`;
/*!40101 SET @saved_cs_client     = @@character_set_client */;
/*!50503 SET character_set_client = utf8mb4 */;
CREATE TABLE `departamento` (
  `id` int NOT NULL AUTO_INCREMENT,
  `nome` varchar(255) NOT NULL,
  `local` varchar(255) DEFAULT NULL,
  `chefe_cpf` varchar(11) DEFAULT NULL,
  PRIMARY KEY (`id`),
  KEY `chefe_cpf` (`chefe_cpf`),
  CONSTRAINT `departamento_ibfk_1` FOREIGN KEY (`chefe_cpf`) REFERENCES `professor` (`cpf`)
) ENGINE=InnoDB AUTO_INCREMENT=10 DEFAULT CHARSET=utf8mb4 COLLATE=utf8mb4_0900_ai_ci;
/*!40101 SET character_set_client = @saved_cs_client */;

--
-- Dumping data for table `departamento`
--

LOCK TABLES `departamento` WRITE;
/*!40000 ALTER TABLE `departamento` DISABLE KEYS */;
INSERT INTO `departamento` VALUES (7,'Departamento de Matemática','Bloco A, Sala 101',NULL),(8,'Departamento de Física','Bloco B, Sala 202',NULL),(9,'Departamento de Computação','Bloco C, Sala 303',NULL);
/*!40000 ALTER TABLE `departamento` ENABLE KEYS */;
UNLOCK TABLES;

--
-- Table structure for table `disciplina`
--

DROP TABLE IF EXISTS `disciplina`;
/*!40101 SET @saved_cs_client     = @@character_set_client */;
/*!50503 SET character_set_client = utf8mb4 */;
CREATE TABLE `disciplina` (
  `id` int NOT NULL,
  `nome` varchar(255) NOT NULL,
  `carga_horaria` int NOT NULL,
  `descricao` text,
  `pre_requisito` int DEFAULT NULL,
  PRIMARY KEY (`id`),
  KEY `pre_requisito` (`pre_requisito`),
  CONSTRAINT `disciplina_ibfk_1` FOREIGN KEY (`pre_requisito`) REFERENCES `disciplina` (`id`)
) ENGINE=InnoDB DEFAULT CHARSET=utf8mb4 COLLATE=utf8mb4_0900_ai_ci;
/*!40101 SET character_set_client = @saved_cs_client */;

--
-- Dumping data for table `disciplina`
--

LOCK TABLES `disciplina` WRITE;
/*!40000 ALTER TABLE `disciplina` DISABLE KEYS */;
INSERT INTO `disciplina` VALUES (1,'Matemática Básica',60,'Introdução aos conceitos fundamentais de álgebra e geometria.',NULL),(2,'Cálculo I',80,'Estudo de limites, derivadas e integrais de funções.',1),(3,'Física I',75,'Fundamentos de mecânica clássica e leis de Newton.',NULL);
/*!40000 ALTER TABLE `disciplina` ENABLE KEYS */;
UNLOCK TABLES;

--
-- Table structure for table `professor`
--

DROP TABLE IF EXISTS `professor`;
/*!40101 SET @saved_cs_client     = @@character_set_client */;
/*!50503 SET character_set_client = utf8mb4 */;
CREATE TABLE `professor` (
  `nome` varchar(255) NOT NULL,
  `cpf` varchar(11) NOT NULL,
  `inicio_contrato` date DEFAULT NULL,
  `departamento_id` int DEFAULT NULL,
  PRIMARY KEY (`cpf`),
  KEY `departamento_id` (`departamento_id`),
  CONSTRAINT `professor_ibfk_1` FOREIGN KEY (`departamento_id`) REFERENCES `departamento` (`id`)
) ENGINE=InnoDB DEFAULT CHARSET=utf8mb4 COLLATE=utf8mb4_0900_ai_ci;
/*!40101 SET character_set_client = @saved_cs_client */;

--
-- Dumping data for table `professor`
--

LOCK TABLES `professor` WRITE;
/*!40000 ALTER TABLE `professor` DISABLE KEYS */;
INSERT INTO `professor` VALUES ('Carlos Almeida','12345678901','2022-01-15',7),('Fernanda Souza','23456789012','2020-08-10',8),('Lucas Pereira','34567890123',NULL,NULL);
/*!40000 ALTER TABLE `professor` ENABLE KEYS */;
UNLOCK TABLES;

--
-- Table structure for table `professor_contato`
--

DROP TABLE IF EXISTS `professor_contato`;
/*!40101 SET @saved_cs_client     = @@character_set_client */;
/*!50503 SET character_set_client = utf8mb4 */;
CREATE TABLE `professor_contato` (
  `professor_cpf` varchar(11) NOT NULL,
  `numero` varchar(15) NOT NULL,
  PRIMARY KEY (`professor_cpf`,`numero`),
  CONSTRAINT `professor_contato_ibfk_1` FOREIGN KEY (`professor_cpf`) REFERENCES `professor` (`cpf`)
) ENGINE=InnoDB DEFAULT CHARSET=utf8mb4 COLLATE=utf8mb4_0900_ai_ci;
/*!40101 SET character_set_client = @saved_cs_client */;

--
-- Dumping data for table `professor_contato`
--

LOCK TABLES `professor_contato` WRITE;
/*!40000 ALTER TABLE `professor_contato` DISABLE KEYS */;
INSERT INTO `professor_contato` VALUES ('12345678901','11987654321'),('23456789012','11876543210'),('34567890123','11765432100');
/*!40000 ALTER TABLE `professor_contato` ENABLE KEYS */;
UNLOCK TABLES;

--
-- Table structure for table `professor_disciplina`
--

DROP TABLE IF EXISTS `professor_disciplina`;
/*!40101 SET @saved_cs_client     = @@character_set_client */;
/*!50503 SET character_set_client = utf8mb4 */;
CREATE TABLE `professor_disciplina` (
  `cpf` varchar(11) NOT NULL,
  `id_disciplina` int NOT NULL,
  PRIMARY KEY (`cpf`,`id_disciplina`),
  KEY `id_disciplina` (`id_disciplina`),
  CONSTRAINT `professor_disciplina_ibfk_1` FOREIGN KEY (`cpf`) REFERENCES `professor` (`cpf`),
  CONSTRAINT `professor_disciplina_ibfk_2` FOREIGN KEY (`id_disciplina`) REFERENCES `disciplina` (`id`)
) ENGINE=InnoDB DEFAULT CHARSET=utf8mb4 COLLATE=utf8mb4_0900_ai_ci;
/*!40101 SET character_set_client = @saved_cs_client */;

--
-- Dumping data for table `professor_disciplina`
--

LOCK TABLES `professor_disciplina` WRITE;
/*!40000 ALTER TABLE `professor_disciplina` DISABLE KEYS */;
INSERT INTO `professor_disciplina` VALUES ('12345678901',1),('23456789012',2),('34567890123',3);
/*!40000 ALTER TABLE `professor_disciplina` ENABLE KEYS */;
UNLOCK TABLES;
/*!40103 SET TIME_ZONE=@OLD_TIME_ZONE */;

/*!40101 SET SQL_MODE=@OLD_SQL_MODE */;
/*!40014 SET FOREIGN_KEY_CHECKS=@OLD_FOREIGN_KEY_CHECKS */;
/*!40014 SET UNIQUE_CHECKS=@OLD_UNIQUE_CHECKS */;
/*!40101 SET CHARACTER_SET_CLIENT=@OLD_CHARACTER_SET_CLIENT */;
/*!40101 SET CHARACTER_SET_RESULTS=@OLD_CHARACTER_SET_RESULTS */;
/*!40101 SET COLLATION_CONNECTION=@OLD_COLLATION_CONNECTION */;
/*!40111 SET SQL_NOTES=@OLD_SQL_NOTES */;

-- Dump completed on 2024-10-06 19:00:27
